# epics, ioc, card, slot, link, farow, mml1, slow
SR01A-PC-HSTR-01,SR01A-CS-FOFB-01,5,0,1,0,1,0
SR01A-PC-HSTR-02,SR01A-CS-FOFB-01,5,1,1,1,2,0
SR01A-PC-HSTR-03,SR01A-CS-FOFB-01,5,2,1,2,3,0
SR01A-PC-HSTR-04,SR01A-CS-FOFB-01,5,3,1,3,4,0
SR01A-PC-HSTR-05,SR01A-CS-FOFB-01,6,0,1,4,5,0
SR01A-PC-HSTR-06,SR01A-CS-FOFB-01,6,1,1,5,6,0
SR01A-PC-HSTR-07,SR01A-CS-FOFB-01,6,2,1,6,7,0
SR02A-PC-HSTR-01,SR02A-CS-FOFB-01,5,0,1,0,8,0
SR02A-PC-HSTR-04,SR02A-CS-FOFB-01,5,1,1,1,9,0
SR02A-PC-HSTR-05,SR02A-CS-FOFB-01,5,2,1,2,10,0
SR02A-PC-HSCOR-01,SR02A-CS-FOFB-01,5,3,1,3,11,1
SR02A-PC-HSCOR-02,SR02A-CS-FOFB-01,6,0,1,4,12,1
SR02A-PC-HSTR-07,SR02A-CS-FOFB-01,6,1,1,5,13,0
SR02A-PC-HSTR-08,SR02A-CS-FOFB-01,6,2,1,6,14,0
SR02A-PC-HSTR-10,SR02A-CS-FOFB-01,6,3,1,7,15,0
SR03A-PC-HSTR-01,SR03A-CS-FOFB-01,5,0,1,0,16,0
SR03A-PC-HSTR-02,SR03A-CS-FOFB-01,5,1,1,1,17,0
SR03A-PC-HSTR-03,SR03A-CS-FOFB-01,5,2,1,2,18,0
SR03A-PC-HSTR-04,SR03A-CS-FOFB-01,5,3,1,3,19,0
SR03A-PC-HSTR-05,SR03A-CS-FOFB-01,6,0,1,4,20,0
SR03A-PC-HSTR-06,SR03A-CS-FOFB-01,6,1,1,5,21,0
SR03A-PC-HSTR-07,SR03A-CS-FOFB-01,6,2,1,6,22,0
SR04A-PC-HSTR-01,SR04A-CS-FOFB-01,5,0,1,0,23,0
SR04A-PC-HSTR-02,SR04A-CS-FOFB-01,5,1,1,1,24,0
SR04A-PC-HSTR-03,SR04A-CS-FOFB-01,5,2,1,2,25,0
SR04A-PC-HSTR-04,SR04A-CS-FOFB-01,5,3,1,3,26,0
SR04A-PC-HSTR-05,SR04A-CS-FOFB-01,6,0,1,4,27,0
SR04A-PC-HSTR-06,SR04A-CS-FOFB-01,6,1,1,5,28,0
SR04A-PC-HSTR-07,SR04A-CS-FOFB-01,6,2,1,6,29,0
SR05A-PC-HSTR-01,SR05A-CS-FOFB-01,5,0,1,0,30,0
SR05A-PC-HSTR-02,SR05A-CS-FOFB-01,5,1,1,1,31,0
SR05A-PC-HSTR-03,SR05A-CS-FOFB-01,5,2,1,2,32,0
SR05A-PC-HSTR-04,SR05A-CS-FOFB-01,5,3,1,3,33,0
SR05A-PC-HSTR-05,SR05A-CS-FOFB-01,6,0,1,4,34,0
SR05A-PC-HSTR-06,SR05A-CS-FOFB-01,6,1,1,5,35,0
SR05A-PC-HSTR-07,SR05A-CS-FOFB-01,6,2,1,6,36,0
SR06A-PC-HSTR-01,SR06A-CS-FOFB-01,5,0,1,0,37,0
SR06A-PC-HSTR-02,SR06A-CS-FOFB-01,5,1,1,1,38,0
SR06A-PC-HSTR-03,SR06A-CS-FOFB-01,5,2,1,2,39,0
SR06A-PC-HSTR-04,SR06A-CS-FOFB-01,5,3,1,3,40,0
SR06A-PC-HSTR-05,SR06A-CS-FOFB-01,6,0,1,4,41,0
SR06A-PC-HSTR-06,SR06A-CS-FOFB-01,6,1,1,5,42,0
SR06A-PC-HSTR-07,SR06A-CS-FOFB-01,6,2,1,6,43,0
SR07A-PC-HSTR-01,SR07A-CS-FOFB-01,5,0,1,0,44,0
SR07A-PC-HSTR-02,SR07A-CS-FOFB-01,5,1,1,1,45,0
SR07A-PC-HSTR-03,SR07A-CS-FOFB-01,5,2,1,2,46,0
SR07A-PC-HSTR-04,SR07A-CS-FOFB-01,5,3,1,3,47,0
SR07A-PC-HSTR-05,SR07A-CS-FOFB-01,6,0,1,4,48,0
SR07A-PC-HSTR-06,SR07A-CS-FOFB-01,6,1,1,5,49,0
SR07A-PC-HSTR-07,SR07A-CS-FOFB-01,6,2,1,6,50,0
SR08A-PC-HSTR-01,SR08A-CS-FOFB-01,5,0,1,0,51,0
SR08A-PC-HSTR-02,SR08A-CS-FOFB-01,5,1,1,1,52,0
SR08A-PC-HSTR-03,SR08A-CS-FOFB-01,5,2,1,2,53,0
SR08A-PC-HSTR-04,SR08A-CS-FOFB-01,5,3,1,3,54,0
SR08A-PC-HSTR-05,SR08A-CS-FOFB-01,6,0,1,4,55,0
SR08A-PC-HSTR-06,SR08A-CS-FOFB-01,6,1,1,5,56,0
SR08A-PC-HSTR-07,SR08A-CS-FOFB-01,6,2,1,6,57,0
SR09S-PC-HSTR-01,SR09A-CS-FOFB-01,7,1,1,7,58,1
SR09S-PC-HSTR-02,SR09A-CS-FOFB-01,7,2,1,8,59,1
SR09A-PC-HSTR-01,SR09A-CS-FOFB-01,5,0,1,0,60,0
SR09A-PC-HSTR-02,SR09A-CS-FOFB-01,5,1,1,1,61,0
SR09A-PC-HSTR-03,SR09A-CS-FOFB-01,5,2,1,2,62,0
SR09A-PC-HSTR-04,SR09A-CS-FOFB-01,5,3,1,3,63,0
SR09A-PC-HSTR-05,SR09A-CS-FOFB-01,6,0,1,4,64,0
SR09A-PC-HSTR-06,SR09A-CS-FOFB-01,6,1,1,5,65,0
SR09A-PC-HSTR-07,SR09A-CS-FOFB-01,6,2,1,6,66,0
SR10A-PC-HSTR-01,SR10A-CS-FOFB-01,5,0,1,0,67,0
SR10A-PC-HSTR-02,SR10A-CS-FOFB-01,5,1,1,1,68,0
SR10A-PC-HSTR-03,SR10A-CS-FOFB-01,5,2,1,2,69,0
SR10A-PC-HSTR-04,SR10A-CS-FOFB-01,5,3,1,3,70,0
SR10A-PC-HSTR-05,SR10A-CS-FOFB-01,6,0,1,4,71,0
SR10A-PC-HSTR-06,SR10A-CS-FOFB-01,6,1,1,5,72,0
SR10A-PC-HSTR-07,SR10A-CS-FOFB-01,6,2,1,6,73,0
SR11A-PC-HSTR-01,SR11A-CS-FOFB-01,5,0,1,0,74,0
SR11A-PC-HSTR-02,SR11A-CS-FOFB-01,5,1,1,1,75,0
SR11A-PC-HSTR-03,SR11A-CS-FOFB-01,5,2,1,2,76,0
SR11A-PC-HSTR-04,SR11A-CS-FOFB-01,5,3,1,3,77,0
SR11A-PC-HSTR-06,SR11A-CS-FOFB-01,6,1,1,4,78,0
SR11A-PC-HSTR-07,SR11A-CS-FOFB-01,6,2,1,5,79,0
SR12A-PC-HSTR-01,SR12A-CS-FOFB-01,5,0,1,0,80,0
SR12A-PC-HSTR-02,SR12A-CS-FOFB-01,5,1,1,1,81,0
SR12A-PC-HSTR-03,SR12A-CS-FOFB-01,5,2,1,2,82,0
SR12A-PC-HSTR-04,SR12A-CS-FOFB-01,5,3,1,3,83,0
SR12A-PC-HSTR-05,SR12A-CS-FOFB-01,6,0,1,4,84,0
SR12A-PC-HSTR-06,SR12A-CS-FOFB-01,6,1,1,5,85,0
SR12A-PC-HSTR-07,SR12A-CS-FOFB-01,6,2,1,6,86,0
SR13S-PC-HSTR-01,SR13A-CS-FOFB-01,7,1,1,7,87,1
SR13S-PC-HSTR-02,SR13A-CS-FOFB-01,7,2,1,8,88,1
SR13A-PC-HSTR-01,SR13A-CS-FOFB-01,5,0,1,0,89,0
SR13A-PC-HSTR-02,SR13A-CS-FOFB-01,5,1,1,1,90,0
SR13A-PC-HSTR-03,SR13A-CS-FOFB-01,5,2,1,2,91,0
SR13A-PC-HSTR-04,SR13A-CS-FOFB-01,5,3,1,3,92,0
SR13A-PC-HSTR-05,SR13A-CS-FOFB-01,6,0,1,4,93,0
SR13A-PC-HSTR-06,SR13A-CS-FOFB-01,6,1,1,5,94,0
SR13A-PC-HSTR-07,SR13A-CS-FOFB-01,6,2,1,6,95,0
SR14A-PC-HSTR-01,SR14A-CS-FOFB-01,5,0,1,0,96,0
SR14A-PC-HSTR-02,SR14A-CS-FOFB-01,5,1,1,1,97,0
SR14A-PC-HSTR-03,SR14A-CS-FOFB-01,5,2,1,2,98,0
SR14A-PC-HSTR-04,SR14A-CS-FOFB-01,5,3,1,3,99,0
SR14A-PC-HSTR-05,SR14A-CS-FOFB-01,6,0,1,4,100,0
SR14A-PC-HSTR-06,SR14A-CS-FOFB-01,6,1,1,5,101,0
SR14A-PC-HSTR-07,SR14A-CS-FOFB-01,6,2,1,6,102,0
SR15A-PC-HSTR-01,SR15A-CS-FOFB-01,5,0,1,0,103,0
SR15A-PC-HSTR-02,SR15A-CS-FOFB-01,5,1,1,1,104,0
SR15A-PC-HSTR-03,SR15A-CS-FOFB-01,5,2,1,2,105,0
SR15A-PC-HSTR-04,SR15A-CS-FOFB-01,5,3,1,3,106,0
SR15A-PC-HSTR-05,SR15A-CS-FOFB-01,6,0,1,4,107,0
SR15A-PC-HSTR-06,SR15A-CS-FOFB-01,6,1,1,5,108,0
SR15A-PC-HSTR-07,SR15A-CS-FOFB-01,6,2,1,6,109,0
SR16A-PC-HSTR-01,SR16A-CS-FOFB-01,5,0,1,0,110,0
SR16A-PC-HSTR-02,SR16A-CS-FOFB-01,5,1,1,1,111,0
SR16A-PC-HSTR-03,SR16A-CS-FOFB-01,5,2,1,2,112,0
SR16A-PC-HSTR-04,SR16A-CS-FOFB-01,5,3,1,3,113,0
SR16A-PC-HSTR-05,SR16A-CS-FOFB-01,6,0,1,4,114,0
SR16A-PC-HSTR-06,SR16A-CS-FOFB-01,6,1,1,5,115,0
SR16A-PC-HSTR-07,SR16A-CS-FOFB-01,6,2,1,6,116,0
SR17A-PC-HSTR-01,SR17A-CS-FOFB-01,5,0,1,0,117,0
SR17A-PC-HSTR-02,SR17A-CS-FOFB-01,5,1,1,1,118,0
SR17A-PC-HSTR-03,SR17A-CS-FOFB-01,5,2,1,2,119,0
SR17A-PC-HSTR-04,SR17A-CS-FOFB-01,5,3,1,3,120,0
SR17A-PC-HSTR-05,SR17A-CS-FOFB-01,6,0,1,4,121,0
SR17A-PC-HSTR-06,SR17A-CS-FOFB-01,6,1,1,5,122,0
SR17A-PC-HSTR-07,SR17A-CS-FOFB-01,6,2,1,6,123,0
SR18A-PC-HSTR-01,SR18A-CS-FOFB-01,5,0,1,0,124,0
SR18A-PC-HSTR-02,SR18A-CS-FOFB-01,5,1,1,1,125,0
SR18A-PC-HSTR-03,SR18A-CS-FOFB-01,5,2,1,2,126,0
SR18A-PC-HSTR-04,SR18A-CS-FOFB-01,5,3,1,3,127,0
SR18A-PC-HSTR-05,SR18A-CS-FOFB-01,6,0,1,4,128,0
SR18A-PC-HSTR-06,SR18A-CS-FOFB-01,6,1,1,5,129,0
SR18A-PC-HSTR-07,SR18A-CS-FOFB-01,6,2,1,6,130,0
SR19A-PC-HSTR-01,SR19A-CS-FOFB-01,5,0,1,0,131,0
SR19A-PC-HSTR-02,SR19A-CS-FOFB-01,5,1,1,1,132,0
SR19A-PC-HSTR-03,SR19A-CS-FOFB-01,5,2,1,2,133,0
SR19A-PC-HSTR-04,SR19A-CS-FOFB-01,5,3,1,3,134,0
SR19A-PC-HSTR-05,SR19A-CS-FOFB-01,6,0,1,4,135,0
SR19A-PC-HSTR-06,SR19A-CS-FOFB-01,6,1,1,5,136,0
SR19A-PC-HSTR-07,SR19A-CS-FOFB-01,6,2,1,6,137,0
SR20A-PC-HSTR-01,SR20A-CS-FOFB-01,5,0,1,0,138,0
SR20A-PC-HSTR-02,SR20A-CS-FOFB-01,5,1,1,1,139,0
SR20A-PC-HSTR-03,SR20A-CS-FOFB-01,5,2,1,2,140,0
SR20A-PC-HSTR-04,SR20A-CS-FOFB-01,5,3,1,3,141,0
SR20A-PC-HSTR-05,SR20A-CS-FOFB-01,6,0,1,4,142,0
SR20A-PC-HSTR-06,SR20A-CS-FOFB-01,6,1,1,5,143,0
SR20A-PC-HSTR-07,SR20A-CS-FOFB-01,6,2,1,6,144,0
SR21A-PC-HSTR-01,SR21A-CS-FOFB-01,5,0,1,0,145,0
SR21A-PC-HSTR-02,SR21A-CS-FOFB-01,5,1,1,1,146,0
SR21A-PC-HSTR-03,SR21A-CS-FOFB-01,5,2,1,2,147,0
SR21A-PC-HSTR-04,SR21A-CS-FOFB-01,5,3,1,3,148,0
SR21A-PC-HSTR-05,SR21A-CS-FOFB-01,6,0,1,4,149,0
SR21A-PC-HSTR-06,SR21A-CS-FOFB-01,6,1,1,5,150,0
SR21A-PC-HSTR-07,SR21A-CS-FOFB-01,6,2,1,6,151,0
SR22A-PC-HSTR-01,SR22A-CS-FOFB-01,5,0,1,0,152,0
SR22A-PC-HSTR-02,SR22A-CS-FOFB-01,5,1,1,1,153,0
SR22A-PC-HSTR-03,SR22A-CS-FOFB-01,5,2,1,2,154,0
SR22A-PC-HSTR-04,SR22A-CS-FOFB-01,5,3,1,3,155,0
SR22A-PC-HSTR-05,SR22A-CS-FOFB-01,6,0,1,4,156,0
SR22A-PC-HSTR-06,SR22A-CS-FOFB-01,6,1,1,5,157,0
SR22A-PC-HSTR-07,SR22A-CS-FOFB-01,6,2,1,6,158,0
SR23A-PC-HSTR-01,SR23A-CS-FOFB-01,5,0,1,0,159,0
SR23A-PC-HSTR-02,SR23A-CS-FOFB-01,5,1,1,1,160,0
SR23A-PC-HSTR-03,SR23A-CS-FOFB-01,5,2,1,2,161,0
SR23A-PC-HSTR-04,SR23A-CS-FOFB-01,5,3,1,3,162,0
SR23A-PC-HSTR-05,SR23A-CS-FOFB-01,6,0,1,4,163,0
SR23A-PC-HSTR-06,SR23A-CS-FOFB-01,6,1,1,5,164,0
SR23A-PC-HSTR-07,SR23A-CS-FOFB-01,6,2,1,6,165,0
SR24A-PC-HSTR-01,SR24A-CS-FOFB-01,5,0,1,0,166,0
SR24A-PC-HSTR-02,SR24A-CS-FOFB-01,5,1,1,1,167,0
SR24A-PC-HSTR-03,SR24A-CS-FOFB-01,5,2,1,2,168,0
SR24A-PC-HSTR-04,SR24A-CS-FOFB-01,5,3,1,3,169,0
SR24A-PC-HSTR-05,SR24A-CS-FOFB-01,6,0,1,4,170,0
SR24A-PC-HSTR-06,SR24A-CS-FOFB-01,6,1,1,5,171,0
SR24A-PC-HSTR-07,SR24A-CS-FOFB-01,6,2,1,6,172,0
SR01A-PC-VSTR-01,SR01A-CS-FOFB-01,5,0,0,9,1,0
SR01A-PC-VSTR-02,SR01A-CS-FOFB-01,5,1,0,10,2,0
SR01A-PC-VSTR-03,SR01A-CS-FOFB-01,5,2,0,11,3,0
SR01A-PC-VSTR-04,SR01A-CS-FOFB-01,5,3,0,12,4,0
SR01A-PC-VSTR-05,SR01A-CS-FOFB-01,6,0,0,13,5,0
SR01A-PC-VSTR-06,SR01A-CS-FOFB-01,6,1,0,14,6,0
SR01A-PC-VSTR-07,SR01A-CS-FOFB-01,6,2,0,15,7,0
SR02A-PC-VSTR-01,SR02A-CS-FOFB-01,5,0,0,9,8,0
SR02A-PC-VSTR-04,SR02A-CS-FOFB-01,5,1,0,10,9,0
SR02A-PC-VSTR-05,SR02A-CS-FOFB-01,5,2,0,11,10,0
SR02A-PC-VSCOR-01,SR02A-CS-FOFB-01,5,3,0,12,11,1
SR02A-PC-VSCOR-02,SR02A-CS-FOFB-01,6,0,0,13,12,1
SR02A-PC-VSTR-07,SR02A-CS-FOFB-01,6,1,0,14,13,0
SR02A-PC-VSTR-08,SR02A-CS-FOFB-01,6,2,0,15,14,0
SR02A-PC-VSTR-10,SR02A-CS-FOFB-01,6,3,0,16,15,0
SR03A-PC-VSTR-01,SR03A-CS-FOFB-01,5,0,0,9,16,0
SR03A-PC-VSTR-02,SR03A-CS-FOFB-01,5,1,0,10,17,0
SR03A-PC-VSTR-03,SR03A-CS-FOFB-01,5,2,0,11,18,0
SR03A-PC-VSTR-04,SR03A-CS-FOFB-01,5,3,0,12,19,0
SR03A-PC-VSTR-05,SR03A-CS-FOFB-01,6,0,0,13,20,0
SR03A-PC-VSTR-06,SR03A-CS-FOFB-01,6,1,0,14,21,0
SR03A-PC-VSTR-07,SR03A-CS-FOFB-01,6,2,0,15,22,0
SR04A-PC-VSTR-01,SR04A-CS-FOFB-01,5,0,0,9,23,0
SR04A-PC-VSTR-02,SR04A-CS-FOFB-01,5,1,0,10,24,0
SR04A-PC-VSTR-03,SR04A-CS-FOFB-01,5,2,0,11,25,0
SR04A-PC-VSTR-04,SR04A-CS-FOFB-01,5,3,0,12,26,0
SR04A-PC-VSTR-05,SR04A-CS-FOFB-01,6,0,0,13,27,0
SR04A-PC-VSTR-06,SR04A-CS-FOFB-01,6,1,0,14,28,0
SR04A-PC-VSTR-07,SR04A-CS-FOFB-01,6,2,0,15,29,0
SR05A-PC-VSTR-01,SR05A-CS-FOFB-01,5,0,0,9,30,0
SR05A-PC-VSTR-02,SR05A-CS-FOFB-01,5,1,0,10,31,0
SR05A-PC-VSTR-03,SR05A-CS-FOFB-01,5,2,0,11,32,0
SR05A-PC-VSTR-04,SR05A-CS-FOFB-01,5,3,0,12,33,0
SR05A-PC-VSTR-05,SR05A-CS-FOFB-01,6,0,0,13,34,0
SR05A-PC-VSTR-06,SR05A-CS-FOFB-01,6,1,0,14,35,0
SR05A-PC-VSTR-07,SR05A-CS-FOFB-01,6,2,0,15,36,0
SR06A-PC-VSTR-01,SR06A-CS-FOFB-01,5,0,0,9,37,0
SR06A-PC-VSTR-02,SR06A-CS-FOFB-01,5,1,0,10,38,0
SR06A-PC-VSTR-03,SR06A-CS-FOFB-01,5,2,0,11,39,0
SR06A-PC-VSTR-04,SR06A-CS-FOFB-01,5,3,0,12,40,0
SR06A-PC-VSTR-05,SR06A-CS-FOFB-01,6,0,0,13,41,0
SR06A-PC-VSTR-06,SR06A-CS-FOFB-01,6,1,0,14,42,0
SR06A-PC-VSTR-07,SR06A-CS-FOFB-01,6,2,0,15,43,0
SR07A-PC-VSTR-01,SR07A-CS-FOFB-01,5,0,0,9,44,0
SR07A-PC-VSTR-02,SR07A-CS-FOFB-01,5,1,0,10,45,0
SR07A-PC-VSTR-03,SR07A-CS-FOFB-01,5,2,0,11,46,0
SR07A-PC-VSTR-04,SR07A-CS-FOFB-01,5,3,0,12,47,0
SR07A-PC-VSTR-05,SR07A-CS-FOFB-01,6,0,0,13,48,0
SR07A-PC-VSTR-06,SR07A-CS-FOFB-01,6,1,0,14,49,0
SR07A-PC-VSTR-07,SR07A-CS-FOFB-01,6,2,0,15,50,0
SR08A-PC-VSTR-01,SR08A-CS-FOFB-01,5,0,0,9,51,0
SR08A-PC-VSTR-02,SR08A-CS-FOFB-01,5,1,0,10,52,0
SR08A-PC-VSTR-03,SR08A-CS-FOFB-01,5,2,0,11,53,0
SR08A-PC-VSTR-04,SR08A-CS-FOFB-01,5,3,0,12,54,0
SR08A-PC-VSTR-05,SR08A-CS-FOFB-01,6,0,0,13,55,0
SR08A-PC-VSTR-06,SR08A-CS-FOFB-01,6,1,0,14,56,0
SR08A-PC-VSTR-07,SR08A-CS-FOFB-01,6,2,0,15,57,0
SR09S-PC-VSTR-01,SR09A-CS-FOFB-01,7,1,0,16,58,1
SR09S-PC-VSTR-02,SR09A-CS-FOFB-01,7,2,0,17,59,1
SR09A-PC-VSTR-01,SR09A-CS-FOFB-01,5,0,0,9,60,0
SR09A-PC-VSTR-02,SR09A-CS-FOFB-01,5,1,0,10,61,0
SR09A-PC-VSTR-03,SR09A-CS-FOFB-01,5,2,0,11,62,0
SR09A-PC-VSTR-04,SR09A-CS-FOFB-01,5,3,0,12,63,0
SR09A-PC-VSTR-05,SR09A-CS-FOFB-01,6,0,0,13,64,0
SR09A-PC-VSTR-06,SR09A-CS-FOFB-01,6,1,0,14,65,0
SR09A-PC-VSTR-07,SR09A-CS-FOFB-01,6,2,0,15,66,0
SR10A-PC-VSTR-01,SR10A-CS-FOFB-01,5,0,0,9,67,0
SR10A-PC-VSTR-02,SR10A-CS-FOFB-01,5,1,0,10,68,0
SR10A-PC-VSTR-03,SR10A-CS-FOFB-01,5,2,0,11,69,0
SR10A-PC-VSTR-04,SR10A-CS-FOFB-01,5,3,0,12,70,0
SR10A-PC-VSTR-05,SR10A-CS-FOFB-01,6,0,0,13,71,0
SR10A-PC-VSTR-06,SR10A-CS-FOFB-01,6,1,0,14,72,0
SR10A-PC-VSTR-07,SR10A-CS-FOFB-01,6,2,0,15,73,0
SR11A-PC-VSTR-01,SR11A-CS-FOFB-01,5,0,0,9,74,0
SR11A-PC-VSTR-02,SR11A-CS-FOFB-01,5,1,0,10,75,0
SR11A-PC-VSTR-03,SR11A-CS-FOFB-01,5,2,0,11,76,0
SR11A-PC-VSTR-04,SR11A-CS-FOFB-01,5,3,0,12,77,0
SR11A-PC-VSTR-06,SR11A-CS-FOFB-01,6,1,0,13,78,0
SR11A-PC-VSTR-07,SR11A-CS-FOFB-01,6,2,0,14,79,0
SR12A-PC-VSTR-01,SR12A-CS-FOFB-01,5,0,0,9,80,0
SR12A-PC-VSTR-02,SR12A-CS-FOFB-01,5,1,0,10,81,0
SR12A-PC-VSTR-03,SR12A-CS-FOFB-01,5,2,0,11,82,0
SR12A-PC-VSTR-04,SR12A-CS-FOFB-01,5,3,0,12,83,0
SR12A-PC-VSTR-05,SR12A-CS-FOFB-01,6,0,0,13,84,0
SR12A-PC-VSTR-06,SR12A-CS-FOFB-01,6,1,0,14,85,0
SR12A-PC-VSTR-07,SR12A-CS-FOFB-01,6,2,0,15,86,0
SR13S-PC-VSTR-01,SR13A-CS-FOFB-01,7,1,0,16,87,1
SR13S-PC-VSTR-02,SR13A-CS-FOFB-01,7,2,0,17,88,1
SR13A-PC-VSTR-01,SR13A-CS-FOFB-01,5,0,0,9,89,0
SR13A-PC-VSTR-02,SR13A-CS-FOFB-01,5,1,0,10,90,0
SR13A-PC-VSTR-03,SR13A-CS-FOFB-01,5,2,0,11,91,0
SR13A-PC-VSTR-04,SR13A-CS-FOFB-01,5,3,0,12,92,0
SR13A-PC-VSTR-05,SR13A-CS-FOFB-01,6,0,0,13,93,0
SR13A-PC-VSTR-06,SR13A-CS-FOFB-01,6,1,0,14,94,0
SR13A-PC-VSTR-07,SR13A-CS-FOFB-01,6,2,0,15,95,0
SR14A-PC-VSTR-01,SR14A-CS-FOFB-01,5,0,0,9,96,0
SR14A-PC-VSTR-02,SR14A-CS-FOFB-01,5,1,0,10,97,0
SR14A-PC-VSTR-03,SR14A-CS-FOFB-01,5,2,0,11,98,0
SR14A-PC-VSTR-04,SR14A-CS-FOFB-01,5,3,0,12,99,0
SR14A-PC-VSTR-05,SR14A-CS-FOFB-01,6,0,0,13,100,0
SR14A-PC-VSTR-06,SR14A-CS-FOFB-01,6,1,0,14,101,0
SR14A-PC-VSTR-07,SR14A-CS-FOFB-01,6,2,0,15,102,0
SR15A-PC-VSTR-01,SR15A-CS-FOFB-01,5,0,0,9,103,0
SR15A-PC-VSTR-02,SR15A-CS-FOFB-01,5,1,0,10,104,0
SR15A-PC-VSTR-03,SR15A-CS-FOFB-01,5,2,0,11,105,0
SR15A-PC-VSTR-04,SR15A-CS-FOFB-01,5,3,0,12,106,0
SR15A-PC-VSTR-05,SR15A-CS-FOFB-01,6,0,0,13,107,0
SR15A-PC-VSTR-06,SR15A-CS-FOFB-01,6,1,0,14,108,0
SR15A-PC-VSTR-07,SR15A-CS-FOFB-01,6,2,0,15,109,0
SR16A-PC-VSTR-01,SR16A-CS-FOFB-01,5,0,0,9,110,0
SR16A-PC-VSTR-02,SR16A-CS-FOFB-01,5,1,0,10,111,0
SR16A-PC-VSTR-03,SR16A-CS-FOFB-01,5,2,0,11,112,0
SR16A-PC-VSTR-04,SR16A-CS-FOFB-01,5,3,0,12,113,0
SR16A-PC-VSTR-05,SR16A-CS-FOFB-01,6,0,0,13,114,0
SR16A-PC-VSTR-06,SR16A-CS-FOFB-01,6,1,0,14,115,0
SR16A-PC-VSTR-07,SR16A-CS-FOFB-01,6,2,0,15,116,0
SR17A-PC-VSTR-01,SR17A-CS-FOFB-01,5,0,0,9,117,0
SR17A-PC-VSTR-02,SR17A-CS-FOFB-01,5,1,0,10,118,0
SR17A-PC-VSTR-03,SR17A-CS-FOFB-01,5,2,0,11,119,0
SR17A-PC-VSTR-04,SR17A-CS-FOFB-01,5,3,0,12,120,0
SR17A-PC-VSTR-05,SR17A-CS-FOFB-01,6,0,0,13,121,0
SR17A-PC-VSTR-06,SR17A-CS-FOFB-01,6,1,0,14,122,0
SR17A-PC-VSTR-07,SR17A-CS-FOFB-01,6,2,0,15,123,0
SR18A-PC-VSTR-01,SR18A-CS-FOFB-01,5,0,0,9,124,0
SR18A-PC-VSTR-02,SR18A-CS-FOFB-01,5,1,0,10,125,0
SR18A-PC-VSTR-03,SR18A-CS-FOFB-01,5,2,0,11,126,0
SR18A-PC-VSTR-04,SR18A-CS-FOFB-01,5,3,0,12,127,0
SR18A-PC-VSTR-05,SR18A-CS-FOFB-01,6,0,0,13,128,0
SR18A-PC-VSTR-06,SR18A-CS-FOFB-01,6,1,0,14,129,0
SR18A-PC-VSTR-07,SR18A-CS-FOFB-01,6,2,0,15,130,0
SR19A-PC-VSTR-01,SR19A-CS-FOFB-01,5,0,0,9,131,0
SR19A-PC-VSTR-02,SR19A-CS-FOFB-01,5,1,0,10,132,0
SR19A-PC-VSTR-03,SR19A-CS-FOFB-01,5,2,0,11,133,0
SR19A-PC-VSTR-04,SR19A-CS-FOFB-01,5,3,0,12,134,0
SR19A-PC-VSTR-05,SR19A-CS-FOFB-01,6,0,0,13,135,0
SR19A-PC-VSTR-06,SR19A-CS-FOFB-01,6,1,0,14,136,0
SR19A-PC-VSTR-07,SR19A-CS-FOFB-01,6,2,0,15,137,0
SR20A-PC-VSTR-01,SR20A-CS-FOFB-01,5,0,0,9,138,0
SR20A-PC-VSTR-02,SR20A-CS-FOFB-01,5,1,0,10,139,0
SR20A-PC-VSTR-03,SR20A-CS-FOFB-01,5,2,0,11,140,0
SR20A-PC-VSTR-04,SR20A-CS-FOFB-01,5,3,0,12,141,0
SR20A-PC-VSTR-05,SR20A-CS-FOFB-01,6,0,0,13,142,0
SR20A-PC-VSTR-06,SR20A-CS-FOFB-01,6,1,0,14,143,0
SR20A-PC-VSTR-07,SR20A-CS-FOFB-01,6,2,0,15,144,0
SR21A-PC-VSTR-01,SR21A-CS-FOFB-01,5,0,0,9,145,0
SR21A-PC-VSTR-02,SR21A-CS-FOFB-01,5,1,0,10,146,0
SR21A-PC-VSTR-03,SR21A-CS-FOFB-01,5,2,0,11,147,0
SR21A-PC-VSTR-04,SR21A-CS-FOFB-01,5,3,0,12,148,0
SR21A-PC-VSTR-05,SR21A-CS-FOFB-01,6,0,0,13,149,0
SR21A-PC-VSTR-06,SR21A-CS-FOFB-01,6,1,0,14,150,0
SR21A-PC-VSTR-07,SR21A-CS-FOFB-01,6,2,0,15,151,0
SR22A-PC-VSTR-01,SR22A-CS-FOFB-01,5,0,0,9,152,0
SR22A-PC-VSTR-02,SR22A-CS-FOFB-01,5,1,0,10,153,0
SR22A-PC-VSTR-03,SR22A-CS-FOFB-01,5,2,0,11,154,0
SR22A-PC-VSTR-04,SR22A-CS-FOFB-01,5,3,0,12,155,0
SR22A-PC-VSTR-05,SR22A-CS-FOFB-01,6,0,0,13,156,0
SR22A-PC-VSTR-06,SR22A-CS-FOFB-01,6,1,0,14,157,0
SR22A-PC-VSTR-07,SR22A-CS-FOFB-01,6,2,0,15,158,0
SR23A-PC-VSTR-01,SR23A-CS-FOFB-01,5,0,0,9,159,0
SR23A-PC-VSTR-02,SR23A-CS-FOFB-01,5,1,0,10,160,0
SR23A-PC-VSTR-03,SR23A-CS-FOFB-01,5,2,0,11,161,0
SR23A-PC-VSTR-04,SR23A-CS-FOFB-01,5,3,0,12,162,0
SR23A-PC-VSTR-05,SR23A-CS-FOFB-01,6,0,0,13,163,0
SR23A-PC-VSTR-06,SR23A-CS-FOFB-01,6,1,0,14,164,0
SR23A-PC-VSTR-07,SR23A-CS-FOFB-01,6,2,0,15,165,0
SR24A-PC-VSTR-01,SR24A-CS-FOFB-01,5,0,0,9,166,0
SR24A-PC-VSTR-02,SR24A-CS-FOFB-01,5,1,0,10,167,0
SR24A-PC-VSTR-03,SR24A-CS-FOFB-01,5,2,0,11,168,0
SR24A-PC-VSTR-04,SR24A-CS-FOFB-01,5,3,0,12,169,0
SR24A-PC-VSTR-05,SR24A-CS-FOFB-01,6,0,0,13,170,0
SR24A-PC-VSTR-06,SR24A-CS-FOFB-01,6,1,0,14,171,0
SR24A-PC-VSTR-07,SR24A-CS-FOFB-01,6,2,0,15,172,0
