SR01C-DI-EBPM-01,SR01A-PC-Q1D-01:I,0.709650,A,SR01A-PC-VSTR-06:I,0.009717,A

SR01C-DI-EBPM-02,SR01A-PC-Q2D-02:I,1.295037,A,SR01A-PC-VSTR-06:I,0.009717,A

SR01C-DI-EBPM-02,SR01A-PC-Q3D-03:I,0.988427,A,SR01A-PC-VSTR-06:I,0.009717,A

SR01C-DI-EBPM-03,SR01A-PC-Q2AD-04:I,0.970834,A,SR01A-PC-VSTR-06:I,0.009717,A

SR01C-DI-EBPM-04,SR01A-PC-Q1AD-05:I,1.255426,A,SR05A-PC-VSTR-02:I,0.009730,A

SR01C-DI-EBPM-04,SR01A-PC-Q1AB-06:I,1.295443,A,SR05A-PC-VSTR-02:I,0.009730,A

SR01C-DI-EBPM-05,SR01A-PC-Q2AB-07:I,1.053573,A,SR05A-PC-VSTR-02:I,0.009730,A

SR01C-DI-EBPM-06,SR01A-PC-Q3B-08:I,1.071108,A,SR05A-PC-VSTR-02:I,0.009730,A

SR01C-DI-EBPM-06,SR01A-PC-Q2B-09:I,1.580095,A,SR05A-PC-VSTR-02:I,0.009730,A

SR01C-DI-EBPM-07,SR01A-PC-Q1B-10:I,1.019915,A,SR05A-PC-VSTR-06:I,0.009575,A

SR02C-DI-EBPM-01,SR02A-PC-Q1BE-01:I,0.378641,A,SR24A-PC-VSTR-06:I,0.0099,A

SR02C-DI-EBPM-01,SR02A-PC-Q2BE-02:I,0.894035,A,SR24A-PC-VSTR-06:I,0.0099,A

SR02C-DI-EBPM-02,SR02A-PC-Q3E-03:I,0.622577,A,SR13A-PC-VSTR-02:I,0.009781,A

SR02C-DI-EBPM-03,SR02A-PC-Q3E-04:I,0.624165,A,SR05A-PC-VSTR-02:I,0.009730,A

SR02C-DI-EBPM-04,SR02A-PC-Q4E-05:I,1.036326,A,SR05A-PC-VSTR-02:I,0.009730,A

SR02C-DI-EBPM-05,SR02A-PC-Q4E-06:I,1.038336,A,SR20A-PC-VSTR-06:I,0.009811,A

SR02C-DI-EBPM-06,SR02A-PC-Q3E-07:I,0.622082,A,SR24A-PC-VSTR-06:I,0.0099,A

SR02C-DI-EBPM-06,SR02A-PC-Q3E-08:I,0.625602,A,SR24A-PC-VSTR-06:I,0.0099,A

SR02C-DI-EBPM-07,SR02A-PC-Q2BE-09:I,0.896599,A,SR24A-PC-VSTR-06:I,0.0099,A

SR02C-DI-EBPM-08,SR02A-PC-Q1BE-10:I,0.379648,A,SR24A-PC-VSTR-06:I,0.0099,A

SR03C-DI-EBPM-01,SR03A-PC-Q1B-01:I,1.010471,A,SR20A-PC-VSTR-06:I,0.009811,A

SR03C-DI-EBPM-02,SR03A-PC-Q2B-02:I,1.479303,A,SR08A-PC-VSTR-06:I,0.009622,A

SR03C-DI-EBPM-02,SR03A-PC-Q3B-03:I,1.066638,A,SR08A-PC-VSTR-06:I,0.009622,A

SR03C-DI-EBPM-03,SR03A-PC-Q2AB-04:I,1.053573,A,SR24A-PC-VSTR-06:I,0.0099,A

SR03C-DI-EBPM-04,SR03A-PC-Q1AB-05:I,1.295443,A,SR24A-PC-VSTR-06:I,0.0099,A

SR03C-DI-EBPM-04,SR03A-PC-Q1AB-06:I,1.295443,A,SR24A-PC-VSTR-06:I,0.0099,A

SR03C-DI-EBPM-05,SR03A-PC-Q2AB-07:I,1.053573,A,SR24A-PC-VSTR-06:I,0.0099,A

SR03C-DI-EBPM-06,SR03A-PC-Q3B-08:I,0.917080,A,SR03A-PC-VSTR-02:I,0.009838,A

SR03C-DI-EBPM-06,SR03A-PC-Q2B-09:I,1.464993,A,SR03A-PC-VSTR-02:I,0.009838,A

SR03C-DI-EBPM-07,SR03A-PC-Q1B-10:I,1.168697,A,SR03A-PC-VSTR-02:I,0.009838,A

SR04C-DI-EBPM-01,SR04A-PC-Q1B-01:I,1.168697,A,SR20A-PC-VSTR-06:I,0.009811,A

SR04C-DI-EBPM-02,SR04A-PC-Q2B-02:I,1.464993,A,SR24A-PC-VSTR-06:I,0.0099,A

SR04C-DI-EBPM-02,SR04A-PC-Q3B-03:I,0.917080,A,SR24A-PC-VSTR-06:I,0.0099,A

SR04C-DI-EBPM-03,SR04A-PC-Q2AB-04:I,1.053573,A,SR24A-PC-VSTR-06:I,0.0099,A

SR04C-DI-EBPM-04,SR04A-PC-Q1AB-05:I,1.295443,A,SR03A-PC-VSTR-02:I,0.009838,A

SR04C-DI-EBPM-04,SR04A-PC-Q1AD-06:I,1.255426,A,SR03A-PC-VSTR-02:I,0.009838,A

SR04C-DI-EBPM-05,SR04A-PC-Q2AD-07:I,0.970834,A,SR03A-PC-VSTR-02:I,0.009838,A

SR04C-DI-EBPM-06,SR04A-PC-Q3D-08:I,0.941476,A,SR03A-PC-VSTR-02:I,0.009838,A

SR04C-DI-EBPM-06,SR04A-PC-Q2D-09:I,1.287958,A,SR03A-PC-VSTR-02:I,0.009838,A

SR04C-DI-EBPM-07,SR04A-PC-Q1D-10:I,0.748265,A,SR04A-PC-VSTR-02:I,0.009611,A

SR05C-DI-EBPM-01,SR05A-PC-Q1D-01:I,0.709650,A,SR05A-PC-VSTR-06:I,0.009575,A

SR05C-DI-EBPM-02,SR05A-PC-Q2D-02:I,1.295037,A,SR20A-PC-VSTR-06:I,0.009811,A

SR05C-DI-EBPM-02,SR05A-PC-Q3D-03:I,0.988427,A,SR20A-PC-VSTR-06:I,0.009811,A

SR05C-DI-EBPM-03,SR05A-PC-Q2AD-04:I,0.970834,A,SR20A-PC-VSTR-06:I,0.009811,A

SR05C-DI-EBPM-04,SR05A-PC-Q1AD-05:I,1.255426,A,SR20A-PC-VSTR-06:I,0.009811,A

SR05C-DI-EBPM-04,SR05A-PC-Q1AB-06:I,1.295443,A,SR20A-PC-VSTR-06:I,0.009811,A

SR05C-DI-EBPM-05,SR05A-PC-Q2AB-07:I,1.053573,A,SR20A-PC-VSTR-06:I,0.009811,A

SR05C-DI-EBPM-06,SR05A-PC-Q3B-08:I,0.917080,A,SR08A-PC-VSTR-06:I,0.009622,A

SR05C-DI-EBPM-06,SR05A-PC-Q2B-09:I,1.464993,A,SR08A-PC-VSTR-06:I,0.009622,A

SR05C-DI-EBPM-07,SR05A-PC-Q1B-10:I,1.168697,A,SR05A-PC-VSTR-02:I,0.009730,A

SR06C-DI-EBPM-01,SR06A-PC-Q1B-01:I,1.168697,A,SR20A-PC-VSTR-06:I,0.009811,A

SR06C-DI-EBPM-02,SR06A-PC-Q2B-02:I,1.464993,A,SR20A-PC-VSTR-06:I,0.009811,A

SR06C-DI-EBPM-02,SR06A-PC-Q3B-03:I,0.917080,A,SR20A-PC-VSTR-06:I,0.009811,A

SR06C-DI-EBPM-03,SR06A-PC-Q2AB-04:I,1.053573,A,SR20A-PC-VSTR-06:I,0.009811,A

SR06C-DI-EBPM-04,SR06A-PC-Q1AB-05:I,1.295443,A,SR20A-PC-VSTR-06:I,0.009811,A

SR06C-DI-EBPM-04,SR06A-PC-Q1AB-06:I,1.295443,A,SR20A-PC-VSTR-06:I,0.009811,A

SR06C-DI-EBPM-05,SR06A-PC-Q2AB-07:I,1.053573,A,SR24A-PC-VSTR-06:I,0.0099,A

SR06C-DI-EBPM-06,SR06A-PC-Q3B-08:I,0.917080,A,SR05A-PC-VSTR-02:I,0.009730,A

SR06C-DI-EBPM-06,SR06A-PC-Q2B-09:I,1.464993,A,SR05A-PC-VSTR-02:I,0.009730,A

SR06C-DI-EBPM-07,SR06A-PC-Q1B-10:I,1.168697,A,SR06A-PC-VSTR-02:I,0.009549,A

SR07C-DI-EBPM-01,SR07A-PC-Q1B-01:I,1.168697,A,SR20A-PC-VSTR-06:I,0.009811,A

SR07C-DI-EBPM-02,SR07A-PC-Q2B-02:I,1.464993,A,SR08A-PC-VSTR-06:I,0.009622,A

SR07C-DI-EBPM-02,SR07A-PC-Q3B-03:I,0.917080,A,SR08A-PC-VSTR-06:I,0.009622,A

SR07C-DI-EBPM-03,SR07A-PC-Q2AB-04:I,1.053573,A,SR24A-PC-VSTR-06:I,0.0099,A

SR07C-DI-EBPM-04,SR07A-PC-Q1AB-05:I,1.295443,A,SR24A-PC-VSTR-06:I,0.0099,A

SR07C-DI-EBPM-04,SR07A-PC-Q1AB-06:I,1.295443,A,SR24A-PC-VSTR-06:I,0.0099,A

SR07C-DI-EBPM-05,SR07A-PC-Q2AB-07:I,1.053573,A,SR05A-PC-VSTR-02:I,0.009730,A

SR07C-DI-EBPM-06,SR07A-PC-Q3B-08:I,0.917080,A,SR05A-PC-VSTR-02:I,0.009730,A

SR07C-DI-EBPM-06,SR07A-PC-Q2B-09:I,1.464993,A,SR05A-PC-VSTR-02:I,0.009730,A

SR07C-DI-EBPM-07,SR07A-PC-Q1B-10:I,1.168697,A,SR05A-PC-VSTR-06:I,0.009575,A

SR08C-DI-EBPM-01,SR08A-PC-Q1B-01:I,1.168697,A,SR20A-PC-VSTR-06:I,0.009811,A

SR08C-DI-EBPM-02,SR08A-PC-Q2B-02:I,1.464993,A,SR05A-PC-VSTR-02:I,0.009730,A

SR08C-DI-EBPM-02,SR08A-PC-Q3B-03:I,0.917080,A,SR05A-PC-VSTR-02:I,0.009730,A

SR08C-DI-EBPM-03,SR08A-PC-Q2AB-04:I,1.053573,A,SR05A-PC-VSTR-02:I,0.009730,A

SR08C-DI-EBPM-04,SR08A-PC-Q1AB-05:I,1.295443,A,SR05A-PC-VSTR-02:I,0.009730,A

SR08C-DI-EBPM-04,SR08A-PC-Q1AD-06:I,1.255426,A,SR05A-PC-VSTR-02:I,0.009730,A

SR08C-DI-EBPM-05,SR08A-PC-Q2AD-07:I,0.970834,A,SR06A-PC-VSTR-02:I,0.009549,A

SR08C-DI-EBPM-06,SR08A-PC-Q3D-08:I,0.988427,A,SR05A-PC-VSTR-06:I,0.009575,A

SR08C-DI-EBPM-06,SR08A-PC-Q2D-09:I,1.295037,A,SR05A-PC-VSTR-06:I,0.009575,A

SR08C-DI-EBPM-07,SR08A-PC-Q1D-10:I,2.000976,A,SR06A-PC-VSTR-06:I,0.009659,A

SR08C-DI-EBPM-07,SR08A-PC-QUADF-01:I,1.539498,A,SR06A-PC-VSTR-06:I,0.009659,A

SR09S-DI-EBPM-01,SR09S-PC-QUADD-02:I,1.672555,A,SR20A-PC-VSTR-06:I,0.009811,A

SR09S-DI-EBPM-02,SR09S-PC-QUADF-03:I,1.769358,A,SR05A-PC-VSTR-02:I,0.009730,A

SR09C-DI-EBPM-01,SR09A-PC-QUADF-04:I,0.64518,A,SR21A-PC-VSTR-02:I,0.009793,A

SR09C-DI-EBPM-01,SR09A-PC-Q1D-01:I,1.539398,A,SR21A-PC-VSTR-02:I,0.009793,A

SR09C-DI-EBPM-02,SR09A-PC-Q2D-02:I,1.295037,A,SR20A-PC-VSTR-06:I,0.009811,A

SR09C-DI-EBPM-02,SR09A-PC-Q3D-03:I,0.988427,A,SR20A-PC-VSTR-06:I,0.009811,A

SR09C-DI-EBPM-03,SR09A-PC-Q2AD-04:I,0.970834,A,SR20A-PC-VSTR-06:I,0.009811,A

SR09C-DI-EBPM-04,SR09A-PC-Q1AD-05:I,1.255426,A,SR20A-PC-VSTR-06:I,0.009811,A

SR09C-DI-EBPM-04,SR09A-PC-Q1AB-06:I,1.295443,A,SR20A-PC-VSTR-06:I,0.009811,A

SR09C-DI-EBPM-05,SR09A-PC-Q2AB-07:I,1.053573,A,SR20A-PC-VSTR-06:I,0.009811,A

SR09C-DI-EBPM-06,SR09A-PC-Q3B-08:I,0.917080,A,SR20A-PC-VSTR-06:I,0.009811,A

SR09C-DI-EBPM-06,SR09A-PC-Q2B-09:I,1.464993,A,SR20A-PC-VSTR-06:I,0.009811,A

SR09C-DI-EBPM-07,SR09A-PC-Q1B-10:I,1.168697,A,SR05A-PC-VSTR-02:I,0.009730,A

SR10C-DI-EBPM-01,SR10A-PC-Q1B-01:I,1.168697,A,SR20A-PC-VSTR-06:I,0.009811,A

SR10C-DI-EBPM-01,SR10A-PC-Q2B-02:I,1.464993,A,SR20A-PC-VSTR-06:I,0.009811,A

SR10C-DI-EBPM-02,SR10A-PC-Q3B-03:I,0.917080,A,SR20A-PC-VSTR-06:I,0.009811,A

SR10C-DI-EBPM-03,SR10A-PC-Q2AB-04:I,1.053573,A,SR20A-PC-VSTR-06:I,0.009811,A

SR10C-DI-EBPM-04,SR10A-PC-Q1AB-05:I,1.295443,A,SR20A-PC-VSTR-06:I,0.009811,A

SR10C-DI-EBPM-04,SR10A-PC-Q1AB-06:I,1.295443,A,SR20A-PC-VSTR-06:I,0.009811,A

SR10C-DI-EBPM-05,SR10A-PC-Q2AB-07:I,1.053573,A,SR24A-PC-VSTR-06:I,0.0099,A

SR10C-DI-EBPM-06,SR10A-PC-Q3B-08:I,0.917080,A,SR05A-PC-VSTR-02:I,0.009730,A

SR10C-DI-EBPM-06,SR10A-PC-Q2B-09:I,1.464993,A,SR05A-PC-VSTR-02:I,0.009730,A

SR10C-DI-EBPM-07,SR10A-PC-Q1B-10:I,1.168697,A,SR06A-PC-VSTR-02:I,0.009549,A

SR11C-DI-EBPM-01,SR11A-PC-Q1B-01:I,1.168697,A,SR20A-PC-VSTR-06:I,0.009811,A

SR11C-DI-EBPM-02,SR11A-PC-Q2B-02:I,1.464993,A,SR20A-PC-VSTR-06:I,0.009811,A

SR11C-DI-EBPM-02,SR11A-PC-Q3B-03:I,0.917080,A,SR20A-PC-VSTR-06:I,0.009811,A

SR11C-DI-EBPM-03,SR11A-PC-Q2AB-04:I,1.053573,A,SR20A-PC-VSTR-06:I,0.009811,A

SR11C-DI-EBPM-04,SR11A-PC-Q1AB-05:I,1.295443,A,SR24A-PC-VSTR-06:I,0.0099,A

SR11C-DI-EBPM-04,SR11A-PC-Q1AB-06:I,1.295443,A,SR24A-PC-VSTR-06:I,0.0099,A

SR11C-DI-EBPM-05,SR11A-PC-Q2AB-07:I,1.053573,A,SR05A-PC-VSTR-02:I,0.009730,A

SR11C-DI-EBPM-06,SR11A-PC-Q3B-08:I,0.917080,A,SR05A-PC-VSTR-02:I,0.009730,A

SR11C-DI-EBPM-06,SR11A-PC-Q2B-09:I,1.464993,A,SR05A-PC-VSTR-02:I,0.009730,A

SR11C-DI-EBPM-07,SR11A-PC-Q1B-10:I,1.168697,A,SR05A-PC-VSTR-06:I,0.009575,A

SR12C-DI-EBPM-01,SR12A-PC-Q1B-01:I,1.168697,A,SR20A-PC-VSTR-06:I,0.009811,A

SR12C-DI-EBPM-02,SR12A-PC-Q2B-02:I,1.464993,A,SR24A-PC-VSTR-06:I,0.0099,A

SR12C-DI-EBPM-02,SR12A-PC-Q3B-03:I,0.917080,A,SR24A-PC-VSTR-06:I,0.0099,A

SR12C-DI-EBPM-03,SR12A-PC-Q2AB-04:I,1.053573,A,SR05A-PC-VSTR-02:I,0.009730,A

SR12C-DI-EBPM-04,SR12A-PC-Q1AB-05:I,1.295443,A,SR05A-PC-VSTR-02:I,0.009730,A

SR12C-DI-EBPM-04,SR12A-PC-Q1AD-06:I,1.255426,A,SR05A-PC-VSTR-02:I,0.009730,A

SR12C-DI-EBPM-05,SR12A-PC-Q2AD-07:I,0.970834,A,SR06A-PC-VSTR-02:I,0.009549,A

SR12C-DI-EBPM-06,SR12A-PC-Q3D-08:I,0.988427,A,SR05A-PC-VSTR-06:I,0.009575,A

SR12C-DI-EBPM-06,SR12A-PC-Q2D-09:I,1.295037,A,SR05A-PC-VSTR-06:I,0.009575,A

SR12C-DI-EBPM-07,SR12A-PC-Q1D-10:I,2.043919,A,SR08A-PC-VSTR-02:I,0.009672,A

SR12C-DI-EBPM-07,SR12A-PC-QUADF-01:I,1.615067,A,SR08A-PC-VSTR-02:I,0.009672,A

SR13S-DI-EBPM-01,SR13S-PC-QUADD-02:I,1.672834,A,SR20A-PC-VSTR-06:I,0.009811,A

SR13S-DI-EBPM-02,SR13S-PC-QUADF-03:I,1.683945,A,SR05A-PC-VSTR-02:I,0.009730,A

SR13C-DI-EBPM-01,SR13A-PC-QUADF-04:I,0.856654,A,SR21A-PC-VSTR-02:I,0.009793,A

SR13C-DI-EBPM-01,SR13A-PC-Q1D-01:I,1.646349,A,SR21A-PC-VSTR-02:I,0.009793,A

SR13C-DI-EBPM-02,SR13A-PC-Q2D-02:I,1.295037,A,SR20A-PC-VSTR-06:I,0.009811,A

SR13C-DI-EBPM-02,SR13A-PC-Q3D-03:I,0.988427,A,SR20A-PC-VSTR-06:I,0.009811,A

SR13C-DI-EBPM-03,SR13A-PC-Q2AD-04:I,0.970834,A,SR20A-PC-VSTR-06:I,0.009811,A

SR13C-DI-EBPM-04,SR13A-PC-Q1AD-05:I,1.255426,A,SR20A-PC-VSTR-06:I,0.009811,A

SR13C-DI-EBPM-04,SR13A-PC-Q1AB-06:I,1.295443,A,SR20A-PC-VSTR-06:I,0.009811,A

SR13C-DI-EBPM-05,SR13A-PC-Q2AB-07:I,1.053573,A,SR20A-PC-VSTR-06:I,0.009811,A

SR13C-DI-EBPM-06,SR13A-PC-Q3B-08:I,0.917080,A,SR20A-PC-VSTR-06:I,0.009811,A

SR13C-DI-EBPM-06,SR13A-PC-Q2B-09:I,1.464993,A,SR20A-PC-VSTR-06:I,0.009811,A

SR13C-DI-EBPM-07,SR13A-PC-Q1B-10:I,1.168697,A,SR05A-PC-VSTR-02:I,0.009730,A

SR14C-DI-EBPM-01,SR14A-PC-Q1B-01:I,1.168697,A,SR20A-PC-VSTR-02:I,0.009554,A

SR14C-DI-EBPM-02,SR14A-PC-Q2B-02:I,1.464993,A,SR20A-PC-VSTR-06:I,0.009811,A

SR14C-DI-EBPM-02,SR14A-PC-Q3B-03:I,0.917080,A,SR20A-PC-VSTR-06:I,0.009811,A

SR14C-DI-EBPM-03,SR14A-PC-Q2AB-04:I,1.053573,A,SR20A-PC-VSTR-06:I,0.009811,A

SR14C-DI-EBPM-04,SR14A-PC-Q1AB-05:I,1.295443,A,SR20A-PC-VSTR-06:I,0.009811,A

SR14C-DI-EBPM-04,SR14A-PC-Q1AB-06:I,1.295443,A,SR20A-PC-VSTR-06:I,0.009811,A

SR14C-DI-EBPM-05,SR14A-PC-Q2AB-07:I,1.053573,A,SR20A-PC-VSTR-06:I,0.009811,A

SR14C-DI-EBPM-06,SR14A-PC-Q3B-08:I,0.917080,A,SR24A-PC-VSTR-06:I,0.0099,A

SR14C-DI-EBPM-06,SR14A-PC-Q2B-09:I,1.464993,A,SR24A-PC-VSTR-06:I,0.0099,A

SR14C-DI-EBPM-07,SR14A-PC-Q1B-10:I,1.168697,A,SR05A-PC-VSTR-02:I,0.009730,A

SR15C-DI-EBPM-01,SR15A-PC-Q1B-01:I,1.168697,A,SR20A-PC-VSTR-06:I,0.009811,A

SR15C-DI-EBPM-02,SR15A-PC-Q2B-02:I,1.464993,A,SR20A-PC-VSTR-06:I,0.009811,A

SR15C-DI-EBPM-02,SR15A-PC-Q3B-03:I,0.917080,A,SR20A-PC-VSTR-06:I,0.009811,A

SR15C-DI-EBPM-03,SR15A-PC-Q2AB-04:I,1.053573,A,SR20A-PC-VSTR-06:I,0.009811,A

SR15C-DI-EBPM-04,SR15A-PC-Q1AB-05:I,1.295443,A,SR24A-PC-VSTR-06:I,0.0099,A

SR15C-DI-EBPM-04,SR15A-PC-Q1AB-06:I,1.295443,A,SR24A-PC-VSTR-06:I,0.0099,A

SR15C-DI-EBPM-05,SR15A-PC-Q2AB-07:I,1.053573,A,SR05A-PC-VSTR-02:I,0.009730,A

SR15C-DI-EBPM-06,SR15A-PC-Q3B-08:I,0.917080,A,SR05A-PC-VSTR-02:I,0.009730,A

SR15C-DI-EBPM-06,SR15A-PC-Q2B-09:I,1.464993,A,SR05A-PC-VSTR-02:I,0.009730,A

SR15C-DI-EBPM-07,SR15A-PC-Q1B-10:I,1.168697,A,SR05A-PC-VSTR-06:I,0.009575,A

SR16C-DI-EBPM-01,SR16A-PC-Q1B-01:I,1.168697,A,SR20A-PC-VSTR-06:I,0.009811,A

SR16C-DI-EBPM-02,SR16A-PC-Q2B-02:I,1.464993,A,SR24A-PC-VSTR-06:I,0.0099,A

SR16C-DI-EBPM-02,SR16A-PC-Q3B-03:I,0.917080,A,SR24A-PC-VSTR-06:I,0.0099,A

SR16C-DI-EBPM-03,SR16A-PC-Q2AB-04:I,1.053573,A,SR24A-PC-VSTR-06:I,0.0099,A

SR16C-DI-EBPM-04,SR16A-PC-Q1AB-05:I,1.295443,A,SR05A-PC-VSTR-02:I,0.009730,A

SR16C-DI-EBPM-04,SR16A-PC-Q1AD-06:I,1.255426,A,SR05A-PC-VSTR-02:I,0.009730,A

SR16C-DI-EBPM-05,SR16A-PC-Q2AD-07:I,0.970834,A,SR05A-PC-VSTR-02:I,0.009730,A

SR16C-DI-EBPM-06,SR16A-PC-Q3D-08:I,0.988427,A,SR06A-PC-VSTR-02:I,0.009549,A

SR16C-DI-EBPM-06,SR16A-PC-Q2D-09:I,1.295037,A,SR06A-PC-VSTR-02:I,0.009549,A

SR16C-DI-EBPM-07,SR16A-PC-Q1D-10:I,0.709650,A,SR05A-PC-VSTR-06:I,0.009575,A

SR17C-DI-EBPM-01,SR17A-PC-Q1D-01:I,0.709650,A,SR21A-PC-VSTR-02:I,0.009793,A

SR17C-DI-EBPM-02,SR17A-PC-Q2D-02:I,1.295037,A,SR20A-PC-VSTR-06:I,0.009811,A

SR17C-DI-EBPM-02,SR17A-PC-Q3D-03:I,0.988427,A,SR20A-PC-VSTR-06:I,0.009811,A

SR17C-DI-EBPM-03,SR17A-PC-Q2AD-04:I,0.970834,A,SR20A-PC-VSTR-06:I,0.009811,A

SR17C-DI-EBPM-04,SR17A-PC-Q1AD-05:I,1.255426,A,SR20A-PC-VSTR-06:I,0.009811,A

SR17C-DI-EBPM-04,SR17A-PC-Q1AB-06:I,1.295443,A,SR20A-PC-VSTR-06:I,0.009811,A

SR17C-DI-EBPM-05,SR17A-PC-Q2AB-07:I,1.053573,A,SR20A-PC-VSTR-06:I,0.009811,A

SR17C-DI-EBPM-06,SR17A-PC-Q3B-08:I,0.917080,A,SR20A-PC-VSTR-06:I,0.009811,A

SR17C-DI-EBPM-06,SR17A-PC-Q2B-09:I,1.464993,A,SR20A-PC-VSTR-06:I,0.009811,A

SR17C-DI-EBPM-07,SR17A-PC-Q1B-10:I,1.168697,A,SR05A-PC-VSTR-02:I,0.009730,A

SR18C-DI-EBPM-01,SR18A-PC-Q1B-01:I,1.168697,A,SR20A-PC-VSTR-02:I,0.009554,A

SR18C-DI-EBPM-02,SR18A-PC-Q2B-02:I,1.464993,A,SR20A-PC-VSTR-06:I,0.009811,A

SR18C-DI-EBPM-02,SR18A-PC-Q3B-03:I,0.917080,A,SR20A-PC-VSTR-06:I,0.009811,A

SR18C-DI-EBPM-03,SR18A-PC-Q2AB-04:I,1.053573,A,SR20A-PC-VSTR-06:I,0.009811,A

SR18C-DI-EBPM-04,SR18A-PC-Q1AB-05:I,1.295443,A,SR20A-PC-VSTR-06:I,0.009811,A

SR18C-DI-EBPM-04,SR18A-PC-Q1AB-06:I,1.295443,A,SR20A-PC-VSTR-06:I,0.009811,A

SR18C-DI-EBPM-05,SR18A-PC-Q2AB-07:I,1.053573,A,SR20A-PC-VSTR-06:I,0.009811,A

SR18C-DI-EBPM-06,SR18A-PC-Q3B-08:I,0.917080,A,SR24A-PC-VSTR-06:I,0.0099,A

SR18C-DI-EBPM-06,SR18A-PC-Q2B-09:I,1.464993,A,SR24A-PC-VSTR-06:I,0.0099,A

SR18C-DI-EBPM-07,SR18A-PC-Q1B-10:I,1.168697,A,SR05A-PC-VSTR-02:I,0.009730,A

SR19C-DI-EBPM-01,SR19A-PC-Q1B-01:I,1.168697,A,SR20A-PC-VSTR-06:I,0.009811,A

SR19C-DI-EBPM-02,SR19A-PC-Q2B-02:I,1.464993,A,SR20A-PC-VSTR-06:I,0.009811,A

SR19C-DI-EBPM-02,SR19A-PC-Q3B-03:I,0.917080,A,SR20A-PC-VSTR-06:I,0.009811,A

SR19C-DI-EBPM-03,SR19A-PC-Q2AB-04:I,1.053573,A,SR20A-PC-VSTR-06:I,0.009811,A

SR19C-DI-EBPM-04,SR19A-PC-Q1AB-05:I,1.295443,A,SR20A-PC-VSTR-06:I,0.009811,A

SR19C-DI-EBPM-04,SR19A-PC-Q1AB-06:I,1.295443,A,SR20A-PC-VSTR-06:I,0.009811,A

SR19C-DI-EBPM-05,SR19A-PC-Q2AB-07:I,1.053573,A,SR24A-PC-VSTR-06:I,0.0099,A

SR19C-DI-EBPM-06,SR19A-PC-Q3B-08:I,0.917080,A,SR05A-PC-VSTR-02:I,0.009730,A

SR19C-DI-EBPM-06,SR19A-PC-Q2B-09:I,1.464993,A,SR05A-PC-VSTR-02:I,0.009730,A

SR19C-DI-EBPM-07,SR19A-PC-Q1B-10:I,1.168697,A,SR05A-PC-VSTR-06:I,0.009575,A

SR20C-DI-EBPM-01,SR20A-PC-Q1B-01:I,1.168697,A,SR20A-PC-VSTR-06:I,0.009811,A

SR20C-DI-EBPM-02,SR20A-PC-Q2B-02:I,1.464993,A,SR24A-PC-VSTR-06:I,0.0099,A

SR20C-DI-EBPM-02,SR20A-PC-Q3B-03:I,0.917080,A,SR24A-PC-VSTR-06:I,0.0099,A

SR20C-DI-EBPM-03,SR20A-PC-Q2AB-04:I,1.053573,A,SR24A-PC-VSTR-06:I,0.0099,A

SR20C-DI-EBPM-04,SR20A-PC-Q1AB-05:I,1.295443,A,SR05A-PC-VSTR-02:I,0.009730,A

SR20C-DI-EBPM-04,SR20A-PC-Q1AD-06:I,1.255426,A,SR05A-PC-VSTR-02:I,0.009730,A

SR20C-DI-EBPM-05,SR20A-PC-Q2AD-07:I,0.970834,A,SR05A-PC-VSTR-02:I,0.009730,A

SR20C-DI-EBPM-06,SR20A-PC-Q3D-08:I,1.049511,A,SR06A-PC-VSTR-02:I,0.009549,A

SR20C-DI-EBPM-06,SR20A-PC-Q2D-09:I,1.381004,A,SR06A-PC-VSTR-02:I,0.009549,A

SR20C-DI-EBPM-07,SR20A-PC-Q1D-10:I,0.874389,A,SR05A-PC-VSTR-06:I,0.009575,A

SR21C-DI-EBPM-01,SR21A-PC-Q1D-01:I,0.874389,A,SR21A-PC-VSTR-06:I,0.009654,A

SR21C-DI-EBPM-02,SR21A-PC-Q2D-02:I,1.381004,A,SR22A-PC-VSTR-06:I,0.009731,A

SR21C-DI-EBPM-02,SR21A-PC-Q3D-03:I,1.049511,A,SR22A-PC-VSTR-06:I,0.009731,A

SR21C-DI-EBPM-03,SR21A-PC-Q2AD-04:I,0.970834,A,SR23A-PC-VSTR-06:I,0.009789,A

SR21C-DI-EBPM-04,SR21A-PC-Q1AD-05:I,1.255426,A,SR24A-PC-VSTR-06:I,0.0099,A

SR21C-DI-EBPM-04,SR21A-PC-Q1AB-06:I,1.295443,A,SR24A-PC-VSTR-06:I,0.0099,A

SR21C-DI-EBPM-05,SR21A-PC-Q2AB-07:I,1.053573,A,SR05A-PC-VSTR-02:I,0.009730,A

SR21C-DI-EBPM-06,SR21A-PC-Q3B-08:I,0.917080,A,SR05A-PC-VSTR-02:I,0.009730,A

SR21C-DI-EBPM-06,SR21A-PC-Q2B-09:I,1.464993,A,SR05A-PC-VSTR-02:I,0.009730,A

SR21C-DI-EBPM-07,SR21A-PC-Q1B-10:I,1.168697,A,SR05A-PC-VSTR-06:I,0.009575,A

SR22C-DI-EBPM-01,SR22A-PC-Q1B-01:I,1.168697,A,SR22A-PC-VSTR-06:I,0.009731,A

SR22C-DI-EBPM-02,SR22A-PC-Q2B-02:I,1.464993,A,SR24A-PC-VSTR-06:I,0.0099,A

SR22C-DI-EBPM-02,SR22A-PC-Q3B-03:I,0.917080,A,SR24A-PC-VSTR-06:I,0.0099,A

SR22C-DI-EBPM-03,SR22A-PC-Q2AB-04:I,1.053573,A,SR05A-PC-VSTR-02:I,0.009730,A

SR22C-DI-EBPM-04,SR22A-PC-Q1AB-05:I,1.295443,A,SR05A-PC-VSTR-02:I,0.009730,A

SR22C-DI-EBPM-04,SR22A-PC-Q1AB-06:I,1.295443,A,SR05A-PC-VSTR-02:I,0.009730,A

SR22C-DI-EBPM-05,SR22A-PC-Q2AB-07:I,1.053573,A,SR05A-PC-VSTR-02:I,0.009730,A

SR22C-DI-EBPM-06,SR22A-PC-Q3B-08:I,0.917080,A,SR06A-PC-VSTR-02:I,0.009549,A

SR22C-DI-EBPM-06,SR22A-PC-Q2B-09:I,1.464993,A,SR06A-PC-VSTR-02:I,0.009549,A

SR22C-DI-EBPM-07,SR22A-PC-Q1B-10:I,1.168697,A,SR05A-PC-VSTR-06:I,0.009575,A

SR23C-DI-EBPM-01,SR23A-PC-Q1B-01:I,1.168697,A,SR23A-PC-VSTR-06:I,0.009789,A

SR23C-DI-EBPM-02,SR23A-PC-Q2B-02:I,1.464993,A,SR05A-PC-VSTR-02:I,0.009730,A

SR23C-DI-EBPM-02,SR23A-PC-Q3B-03:I,0.917080,A,SR05A-PC-VSTR-02:I,0.009730,A

SR23C-DI-EBPM-03,SR23A-PC-Q2AB-04:I,1.053573,A,SR05A-PC-VSTR-02:I,0.009730,A

SR23C-DI-EBPM-04,SR23A-PC-Q1AB-05:I,1.295443,A,SR05A-PC-VSTR-02:I,0.009730,A

SR23C-DI-EBPM-04,SR23A-PC-Q1AB-06:I,1.295443,A,SR05A-PC-VSTR-02:I,0.009730,A

SR23C-DI-EBPM-05,SR23A-PC-Q2AB-07:I,1.053573,A,SR21A-PC-VSTR-02:I,0.009793,A

SR23C-DI-EBPM-06,SR23A-PC-Q3B-08:I,0.917080,A,SR05A-PC-VSTR-06:I,0.009575,A

SR23C-DI-EBPM-06,SR23A-PC-Q2B-09:I,1.464993,A,SR05A-PC-VSTR-06:I,0.009575,A

SR23C-DI-EBPM-07,SR23A-PC-Q1B-10:I,1.168697,A,SR20A-PC-VSTR-06:I,0.009811,A

SR24C-DI-EBPM-01,SR24A-PC-Q1B-01:I,1.168697,A,SR24A-PC-VSTR-06:I,0.0099,A

SR24C-DI-EBPM-02,SR24A-PC-Q2B-02:I,1.464993,A,SR06A-PC-VSTR-02:I,0.009549,A

SR24C-DI-EBPM-02,SR24A-PC-Q3B-03:I,0.917080,A,SR06A-PC-VSTR-02:I,0.009549,A

SR24C-DI-EBPM-03,SR24A-PC-Q2AB-04:I,1.053573,A,SR06A-PC-VSTR-02:I,0.009549,A

SR24C-DI-EBPM-04,SR24A-PC-Q1AB-05:I,1.295443,A,SR05A-PC-VSTR-06:I,0.009575,A

SR24C-DI-EBPM-04,SR24A-PC-Q1AD-06:I,1.255426,A,SR05A-PC-VSTR-06:I,0.009575,A

SR24C-DI-EBPM-05,SR24A-PC-Q2AD-07:I,0.970834,A,SR05A-PC-VSTR-06:I,0.009575,A

SR24C-DI-EBPM-06,SR24A-PC-Q3D-08:I,0.988427,A,SR05A-PC-VSTR-06:I,0.009575,A

SR24C-DI-EBPM-06,SR24A-PC-Q2D-09:I,1.295037,A,SR05A-PC-VSTR-06:I,0.009575,A

SR24C-DI-EBPM-07,SR24A-PC-Q1D-10:I,0.709650,A,SR20A-PC-VSTR-06:I,0.009811,A

